drop database airline;
create database airline;

\c airline

CREATE TABLE FLIGHTS
(
  DESTINATION VARCHAR(3) NOT NULL,
  ORIGIN VARCHAR(3) NOT NULL,
  FLIGHT_NO VARCHAR(10) NOT NULL,
  DEP_TIME TIME NOT NULL,
  ARV_TIME TIME NOT NULL,
  PRIMARY KEY (FLIGHT_NO)
);

CREATE TABLE AIRPLANE
(
  MODEL VARCHAR(10) NOT NULL,
  SERIAL_NO INT NOT NULL,
  AGE INT,
  BUSINESS INT,
  ECONOMY INT,
  PRIMARY KEY (SERIAL_NO)
);

CREATE TABLE BOOKINGS
(
  PNR VARCHAR(10) NOT NULL,
  BOOKING_DATE TIMESTAMP NOT NULL,
  DATE_OF_DEPT TIMESTAMP NOT NULL,
  FLIGHT_NO VARCHAR(10)NOT NULL ,
  FARE INT NOT NULL,
  PRIMARY KEY (PNR),
  CONSTRAINT FK_FLI FOREIGN KEY(FLIGHT_NO) REFERENCES FLIGHTS(FLIGHT_NO)
);

CREATE TABLE CUSTOMER
(
  NAME VARCHAR(50) NOT NULL,
  AGE INT NOT NULL,
  GENDER CHAR(1) NOT NULL,
  CUSTOMER_ID INT NOT NULL,
  PRIMARY KEY (CUSTOMER_ID)
);

CREATE TABLE EMPLOYEE
(
  EMP_ID INT NOT NULL,
  DESIGNATION VARCHAR(20) NOT NULL,
  SALARY INT NOT NULL,
  NAME VARCHAR(50) NOT NULL,
  PRIMARY KEY (EMP_ID)
);

CREATE TABLE AIRPORT
(  
  NAME VARCHAR(40) NOT NULL,
  CODE VARCHAR(3) NOT NULL,
  PRIMARY KEY (CODE)
);

CREATE TABLE FOOD
(
  SKU INT NOT NULL,
  NAME VARCHAR(30) NOT NULL,
  COST INT NOT NULL,
  QUANTITY INT NOT NULL,
  PRIMARY KEY (SKU)
);

CREATE TABLE FLIES(
  FLIGHT_NO VARCHAR(10) NOT NULL,
  SERIAL_NO INTEGER NOT NULL,
  CONSTRAINT FK_FLI FOREIGN KEY(FLIGHT_NO) REFERENCES FLIGHTS(FLIGHT_NO),
  CONSTRAINT FK_AIR FOREIGN KEY(SERIAL_NO) REFERENCES AIRPLANE(SERIAL_NO));

CREATE TABLE HAS_BOOKING(
  FLIGHT_NO VARCHAR(10) NOT NULL,
  PNR VARCHAR(10) NOT NULL,
  CONSTRAINT FK_FLI FOREIGN KEY(FLIGHT_NO) REFERENCES FLIGHTS(FLIGHT_NO),
  CONSTRAINT FK_PNR FOREIGN KEY(PNR) REFERENCES BOOKINGS(PNR));

CREATE TABLE BOOKED_BY(
 PNR VARCHAR(10)  NOT NULL,
  CUSTOMER_ID INTEGER NOT NULL,
  CONSTRAINT FK_PNR FOREIGN KEY(PNR) REFERENCES BOOKINGS(PNR),
  CONSTRAINT FK_BKD FOREIGN KEY(CUSTOMER_ID) REFERENCES CUSTOMER(CUSTOMER_ID));

CREATE TABLE INCLUDES(
  SKU INTEGER NOT NULL,
  PNR VARCHAR(10)  NOT NULL,
  CONSTRAINT FK_SKU FOREIGN KEY(SKU) REFERENCES FOOD(SKU),
  CONSTRAINT FK_PNR FOREIGN KEY(PNR) REFERENCES BOOKINGS(PNR));

CREATE TABLE CREW(
  FLIGHT_NO VARCHAR(10) NOT NULL,
  EMP_ID INTEGER NOT NULL,
  CONSTRAINT FK_FLI FOREIGN KEY(FLIGHT_NO) REFERENCES FLIGHTS(FLIGHT_NO),
  CONSTRAINT FK_EMP FOREIGN KEY(EMP_ID) REFERENCES EMPLOYEE(EMP_ID));

CREATE TABLE WORKS_AT(
  AIRCODE VARCHAR(3) NOT NULL,
  EMP_ID INTEGER NOT NULL,
  CONSTRAINT FK_FLI FOREIGN KEY(AIRCODE) REFERENCES AIRPORT(CODE),
  CONSTRAINT FK_EMP FOREIGN KEY(EMP_ID) REFERENCES EMPLOYEE(EMP_ID));

INSERT INTO FLIGHTS VALUES('BLR', 'LAX', 'PSY 101', '09:30', '22:40');
INSERT INTO FLIGHTS VALUES('BOM', 'JFK', 'PSY 145', '09:45', '13:10');
INSERT INTO FLIGHTS VALUES('DEL', 'LHR', 'PSY 139', '09:15', '23:30');
INSERT INTO FLIGHTS VALUES('BLR', 'LHR', 'PSY 156', '10:45', '12:50');
INSERT INTO FLIGHTS VALUES('BLR', 'BOM', 'PSY 172', '10:15', '14:35');
INSERT INTO FLIGHTS VALUES('BOM', 'DEL', 'PSY 181', '11:20', '17:20');
INSERT INTO FLIGHTS VALUES('BLR', 'DEL', 'PSY 197', '11:15', '00:40');
INSERT INTO FLIGHTS VALUES('BOM', 'DEL', 'PSY 201', '11:25', '19:15');
INSERT INTO FLIGHTS VALUES('BLR', 'BOM', 'PSY 254', '11:35', '01:20');
INSERT INTO FLIGHTS VALUES('LHR', 'JFK', 'PSY 273', '12:55', '12:40');
INSERT INTO FLIGHTS VALUES('JFK', 'MAA', 'PSY 279', '12:50', '01:20');
INSERT INTO FLIGHTS VALUES('BLR', 'NYC', 'PSY 293', '13:15', '15:40');
INSERT INTO FLIGHTS VALUES('BOM', 'BLR', 'PSY 299', '13:20', '20:20');
INSERT INTO FLIGHTS VALUES('BOM', 'BLR', 'PSY 301', '13:30', '16:13');
INSERT INTO FLIGHTS VALUES('BLR', 'PAK', 'PSY 302', '13:55', '17:55');
INSERT INTO FLIGHTS VALUES('BLR', 'LAX', 'PSY 310', '13:40', '15:40');
INSERT INTO FLIGHTS VALUES('BOM', 'DEL', 'PSY 334', '14:50', '21:30');
INSERT INTO FLIGHTS VALUES('CCU', 'BLR', 'PSY 371', '14:55', '16:40');
INSERT INTO FLIGHTS VALUES('LHR', 'JFK', 'PSY 375', '14:25', '17:20');
INSERT INTO FLIGHTS VALUES('JFK', 'MAA', 'PSY 379', '14:50', '20:10');
INSERT INTO FLIGHTS VALUES('LAX', 'BLR', 'PSY 389', '14:10', '22:15');
INSERT INTO FLIGHTS VALUES('BLR', 'LAX', 'PSY 392', '15:35', '17:30');
INSERT INTO FLIGHTS VALUES('BOM', 'DEL', 'PSY 395', '15:30', '18:50');
INSERT INTO FLIGHTS VALUES('CCU', 'BLR', 'PSY 399', '15:50', '19:40');
INSERT INTO FLIGHTS VALUES('LHR', 'JFK', 'PSY 401', '16:40', '21:30');
INSERT INTO FLIGHTS VALUES('JFK', 'MAA', 'PSY 405', '16:30', '22:20');
INSERT INTO FLIGHTS VALUES('LAX', 'BLR', 'PSY 487', '16:20', '23:10');
INSERT INTO FLIGHTS VALUES('BLR', 'LAX', 'PSY 468', '16:10', '00:40');
INSERT INTO FLIGHTS VALUES('BOM', 'DEL', 'PSY 499', '17:12', '03:15');
INSERT INTO FLIGHTS VALUES('CCU', 'BLR', 'PSY 512', '17:55', '01:40');
INSERT INTO FLIGHTS VALUES('LHR', 'JFK', 'PSY 571', '17:50', '02:10');
INSERT INTO FLIGHTS VALUES('JFK', 'MAA', 'PSY 581', '17:45', '03:20');
INSERT INTO FLIGHTS VALUES('LAX', 'BLR', 'PSY 523', '17:40', '04:30');
INSERT INTO FLIGHTS VALUES('BLR', 'LAX', 'PSY 554', '17:30', '05:40');
INSERT INTO FLIGHTS VALUES('BOM', 'DEL', 'PSY 556', '17:20', '06:50');
INSERT INTO FLIGHTS VALUES('CCU', 'BLR', 'PSY 687', '17:10', '07:15');
INSERT INTO FLIGHTS VALUES('LHR', 'JFK', 'PSY 643', '18:50', '08:20');
INSERT INTO FLIGHTS VALUES('JFK', 'MAA', 'PSY 612', '18:35', '09:40');
INSERT INTO FLIGHTS VALUES('LAX', 'BLR', 'PSY 617', '18:10', '20:15');
INSERT INTO FLIGHTS VALUES('BLR', 'LAX', 'PSY 618', '18:20', '21:30');
INSERT INTO FLIGHTS VALUES('BOM', 'DEL', 'PSY 666', '18:30', '21:40');
INSERT INTO FLIGHTS VALUES('CCU', 'BLR', 'PSY 789', '18:40', '22:50');
INSERT INTO FLIGHTS VALUES('LHR', 'JFK', 'PSY 785', '19:10', '02:30');
INSERT INTO FLIGHTS VALUES('JFK', 'MAA', 'PSY 786', '19:20', '05:20');
INSERT INTO FLIGHTS VALUES('LAX', 'BLR', 'PSY 777', '19:30', '01:10');
INSERT INTO FLIGHTS VALUES('BLR', 'LAX', 'PSY 701', '19:40', '22:35');
INSERT INTO FLIGHTS VALUES('BOM', 'DEL', 'PSY 732', '19:50', '00:50');
INSERT INTO FLIGHTS VALUES('CCU', 'BLR', 'PSY 771', '20:10', '23:15');
INSERT INTO FLIGHTS VALUES('LHR', 'JFK', 'PSY 752', '20:20', '22:10');
INSERT INTO FLIGHTS VALUES('JFK', 'MAA', 'PSY 800', '20:30', '02:30');
INSERT INTO FLIGHTS VALUES('LAX', 'BLR', 'PSY 832', '20:40', '01:20');
INSERT INTO FLIGHTS VALUES('BLR', 'LAX', 'PSY 807', '20:50', '02:50');
INSERT INTO FLIGHTS VALUES('BOM', 'DEL', 'PSY 808', '20:30', '23:50');
INSERT INTO FLIGHTS VALUES('CCU', 'BLR', 'PSY 854', '20:15', '05:25');
INSERT INTO FLIGHTS VALUES('LHR', 'JFK', 'PSY 893', '20:35', '06:35');
INSERT INTO FLIGHTS VALUES('JFK', 'MAA', 'PSY 871', '21:10', '03:15');
INSERT INTO FLIGHTS VALUES('LAX', 'BLR', 'PSY 877', '21:20', '00:30');
INSERT INTO FLIGHTS VALUES('BLR', 'LAX', 'PSY 983', '21:30', '02:20');
INSERT INTO FLIGHTS VALUES('BOM', 'DEL', 'PSY 997', '21:40', '00:50');
INSERT INTO FLIGHTS VALUES('CCU', 'BLR', 'PSY 901', '22:50', '23:55');
INSERT INTO FLIGHTS VALUES('LHR', 'JFK', 'PSY 912', '22:20', '23:40');
INSERT INTO FLIGHTS VALUES('JFK', 'MAA', 'PSY 943', '22:30', '00:10');
INSERT INTO FLIGHTS VALUES('LAX', 'BLR', 'PSY 949', '23:13', '01:25');


INSERT INTO AIRPLANE VALUES('BOEING707', 234, 15, 47, 47);
INSERT INTO AIRPLANE VALUES('BOEING618', 851, 5, 37, 117);
INSERT INTO AIRPLANE VALUES('BOEING529', 340, 23, 142, 57);
INSERT INTO AIRPLANE VALUES('BOEING485', 814, 11, 31, 157);
INSERT INTO AIRPLANE VALUES('BOEING341', 565, 19, 167, 57);
INSERT INTO AIRPLANE VALUES('BOEING752', 236, 12, 45, 45);
INSERT INTO AIRPLANE VALUES('BOEING663', 853, 24, 35, 115);
INSERT INTO AIRPLANE VALUES('BOEING574', 342, 22, 140, 55);
INSERT INTO AIRPLANE VALUES('BOEING485', 816, 1, 29, 155);
INSERT INTO AIRPLANE VALUES('BOEING396', 567, 9, 165, 55);
INSERT INTO AIRPLANE VALUES('BOEING717', 238, 13, 50, 50);
INSERT INTO AIRPLANE VALUES('BOEING628', 855, 21, 42, 122);
INSERT INTO AIRPLANE VALUES('BOEING539', 344, 13, 147, 62);
INSERT INTO AIRPLANE VALUES('BOEING440', 818, 5, 33, 47);
INSERT INTO AIRPLANE VALUES('BOEING351', 569, 12, 67, 27);
INSERT INTO AIRPLANE VALUES('BOEING707', 231, 8, 58, 36);
INSERT INTO AIRPLANE VALUES('BOEING673', 857, 7, 48, 106);
INSERT INTO AIRPLANE VALUES('BOEING584', 346, 11, 153, 46);
INSERT INTO AIRPLANE VALUES('BOEING495', 820, 35, 42, 146);
INSERT INTO AIRPLANE VALUES('BOEING306', 571, 14, 165, 45);
INSERT INTO AIRPLANE VALUES('BOEING747', 233, 40, 93, 27);
INSERT INTO AIRPLANE VALUES('BOEING626', 859, 22, 39, 15);
INSERT INTO AIRPLANE VALUES('BOEING535', 348, 19, 121, 40);
INSERT INTO AIRPLANE VALUES('BOEING444', 822, 13, 211, 107);
INSERT INTO AIRPLANE VALUES('BOEING353', 573, 8, 186, 77);
INSERT INTO AIRPLANE VALUES('BOEING721', 237, 12, 219, 123);
INSERT INTO AIRPLANE VALUES('BOEING607', 852, 23, 301, 117);
INSERT INTO AIRPLANE VALUES('BOEING707', 350, 23, 85, 55);
INSERT INTO AIRPLANE VALUES('BOEING420', 824, 12, 132, 60);
INSERT INTO AIRPLANE VALUES('BOEING111', 575, 16, 127, 47);


INSERT INTO BOOKINGS VALUES
    ('﻿PQ764L','2019-03-15 00:00:00','2019-03-31 00:00:00','PSY 101',10400),
    ('XM64L','2019-03-16 00:00:00','2019-04-27 00:00:00','PSY 101',12400),
    ('AM65L','2019-03-15 00:00:00','2019-04-27 00:00:00','PSY 139',10400),
    ('BN92D','2019-03-15 00:00:00','2019-04-27 00:00:00','PSY 101',8800),
    ('NC3YIU','2019-03-15 00:00:00','2019-04-27 00:00:00','PSY 101',6300),
    ('QJRHC','2019-03-15 00:00:00','2019-04-27 00:00:00','PSY 101',6300),
    ('2HH326','2019-03-21 00:00:00','2019-04-27 00:00:00','PSY 139',8800),
    ('D2JDIU2','2019-03-21 00:00:00','2019-04-27 00:00:00','PSY 139',6300),
    ('2HDI22E','2019-03-21 00:00:00','2019-04-27 00:00:00','PSY 139',6300),
    ('2JIE2DIO','2019-03-21 00:00:00','2019-04-27 00:00:00','PSY 139',6300),
    ('HD2UHD','2019-03-21 00:00:00','2019-04-27 00:00:00','PSY 139',14500),
    ('JEH9DE','2019-03-21 00:00:00','2019-04-27 00:00:00','PSY 101',10600),
    ('DIOE2J','2019-03-21 00:00:00','2019-04-27 00:00:00','PSY 101',6000),
    ('CWIOJO','2019-03-21 00:00:00','2019-04-27 00:00:00','PSY 254',10600),
    ('IUEWHC','2019-03-21 00:00:00','2019-04-27 00:00:00','PSY 254',10600),
    ('COCE2','2019-03-21 00:00:00','2019-04-27 00:00:00','PSY 254',12990),
    ('COIE2E','2019-03-21 00:00:00','2019-04-27 00:00:00','PSY 254',10600),
    ('JHI2OEJ','2019-03-22 00:00:00','2019-04-27 00:00:00','PSY 254',8990),
    ('IO2O2JI','2019-03-22 00:00:00','2019-04-24 00:00:00','PSY 752',10600),
    ('929IDN2','2019-03-22 00:00:00','2019-04-27 00:00:00','PSY 752',12990),
    ('DJIO2E9','2019-03-21 00:00:00','2019-04-21 00:00:00','PSY 752',10600),
    ('D2IOJ9','2019-03-21 00:00:00','2019-04-27 00:00:00','PSY 752',10600),
    ('D2NBDH','2019-03-22 00:00:00','2019-04-27 00:00:00','PSY 752',8880),
    ('DSMWOKD','2019-03-22 00:00:00','2019-04-27 00:00:00','PSY 101',12990),
    ('OI21JDO','2019-03-22 00:00:00','2019-04-27 00:00:00','PSY 254',6300),
    ('JDO2EK','2019-03-22 00:00:00','2019-04-27 00:00:00','PSY 752',6300),
    ('IJWIOJD','2019-03-21 00:00:00','2019-04-27 00:00:00','PSY 752',6300),
    ('EQWDN2','2019-03-21 00:00:00','2019-04-22 00:00:00','PSY 254',11990),
    ('CIOWJIO2','2019-03-22 00:00:00','2019-04-27 00:00:00','PSY 101',12600),
    ('IOECJIC9','2019-03-21 00:00:00','2019-04-27 00:00:00','PSY 254',6300),
    ('CLKDSNL','2019-03-21 00:00:00','2019-04-27 00:00:00','PSY 139',14500),
    ('IOJDEOW','2019-03-22 00:00:00','2019-04-27 00:00:00','PSY 101',6300),
    ('CCIOWJC','2019-03-21 00:00:00','2019-04-27 00:00:00','PSY 254',6300),
    ('CJWOIO8','2019-03-21 00:00:00','2019-04-27 00:00:00','PSY 752',11990),
    ('ERBNVJR','2019-03-21 00:00:00','2019-04-27 00:00:00','PSY 752',6300),
    ('VIERVJKE','2019-03-22 00:00:00','2019-03-24 00:00:00','PSY 752',11990),
    ('VEFJKEF','2019-03-23 00:00:00','2019-04-27 00:00:00','PSY 101',10600),
    ('UIEVEFW','2019-03-24 00:00:00','2019-04-27 00:00:00','PSY 101',6000),
    ('IUEFKJE','2019-03-25 00:00:00','2019-04-30 00:00:00','PSY 101',10600),
    ('IVEJHEF','2019-03-24 00:00:00','2019-04-27 00:00:00','PSY 101',10600),
    ('UHEIUF','2019-03-24 00:00:00','2019-04-27 00:00:00','PSY 752',12990),
    ('IUCEHUI','2019-03-28 00:00:00','2019-04-27 00:00:00','PSY 139',10600),
    ('JVFKNN2','2019-03-29 00:00:00','2019-05-04 00:00:00','PSY 101',8990),
    ('NJKVEFKJ','2019-03-30 00:00:00','2019-04-27 00:00:00','PSY 139',10600),
    ('98RVNVR','2019-03-31 00:00:00','2019-03-24 00:00:00','PSY 752',12990),
    ('VQIJRND','2019-04-01 00:00:00','2019-04-27 00:00:00','PSY 101',10600),
    ('RVJOEW','2019-04-02 00:00:00','2019-04-27 00:00:00','PSY 139',10600),
    ('CEWLKM','2019-04-03 00:00:00','2019-05-09 00:00:00','PSY 139',8880),
    ('KLECM2','2019-04-04 00:00:00','2019-05-10 00:00:00','PSY 139',12990),
    ('KMLECM1','2019-04-05 00:00:00','2019-04-27 00:00:00','PSY 101',6300),
    ('CEJDNJKE','2019-04-06 00:00:00','2019-04-27 00:00:00','PSY 571',6300),
    ('JKWDCJK','2019-04-07 00:00:00','2019-04-27 00:00:00','PSY 571',6300),
    ('JWQKK','2019-04-08 00:00:00','2019-05-09 00:00:00','PSY 571',11990),
    ('WIJKLCWD','2019-04-09 00:00:00','2019-05-23 00:00:00','PSY 571',6300),
    ('IUWHEKL','2019-04-10 00:00:00','2019-04-27 00:00:00','PSY 571',8800),
    ('CUWHLK','2019-04-11 00:00:00','2019-04-27 00:00:00','PSY 571',6300),
    ('OIWEJCI','2019-04-12 00:00:00','2019-05-10 00:00:00','PSY 800',6300),
    ('OIWECOI','2019-04-13 00:00:00','2019-05-23 00:00:00','PSY 832',6300),
    ('IUCHW','2019-04-14 00:00:00','2019-05-10 00:00:00','PSY 832',14500),
    ('ICWCW','2019-04-15 00:00:00','2019-04-27 00:00:00','PSY 832',10600),
    ('CHHECJK','2019-04-16 00:00:00','2019-04-27 00:00:00','PSY 832',12990),
    ('IUCDHLK','2019-04-17 00:00:00','2019-05-23 00:00:00','PSY 832',10600),
    ('HCWKL','2019-04-18 00:00:00','2019-05-23 00:00:00','PSY 832',10600),
    ('FHEBW','2019-04-19 00:00:00','2019-05-10 00:00:00','PSY 901',8880),
    ('FEJH2','2019-04-20 00:00:00','2019-04-27 00:00:00','PSY 901',12990),
    ('ECJ13R','2019-04-21 00:00:00','2019-04-27 00:00:00','PSY 901',6300),
    ('EHWBCV','2019-04-22 00:00:00','2019-04-27 00:00:00','PSY 901',6300),
    ('EHIUHEUW','2019-04-23 00:00:00','2019-05-23 00:00:00','PSY 901',6300),
    ('EHWI7CE','2019-04-24 00:00:00','2019-05-10 00:00:00','PSY 901',11990),
    ('ICUEHIU','2019-04-25 00:00:00','2019-05-10 00:00:00','PSY 901',6300);

INSERT INTO CUSTOMER VALUES('YASH', 21, 'M', 234);
INSERT INTO CUSTOMER VALUES('SARVESH', 20, 'M', 235);
INSERT INTO CUSTOMER VALUES('PRATIKSHA', 42, 'F', 236);
INSERT INTO CUSTOMER VALUES('PRIYA', 34, 'F', 237);
INSERT INTO CUSTOMER VALUES('PRATIK', 25, 'M', 238);

INSERT INTO CUSTOMER VALUES('KESHAV', 11, 'M', 239);
INSERT INTO CUSTOMER VALUES('AKASH', 20, 'M', 240);
INSERT INTO CUSTOMER VALUES('VISHAL', 22, 'F', 241);
INSERT INTO CUSTOMER VALUES('VISHNU', 14, 'F', 242);
INSERT INTO CUSTOMER VALUES('JASRAJ', 45, 'M', 243);

INSERT INTO CUSTOMER VALUES('MUKUND', 31, 'M', 244);
INSERT INTO CUSTOMER VALUES('ANIKET', 40, 'M', 245);
INSERT INTO CUSTOMER VALUES('SUPRIYA', 22, 'F', 246);
INSERT INTO CUSTOMER VALUES('MEGHA', 34, 'F', 247);
INSERT INTO CUSTOMER VALUES('ATUL', 26, 'M', 248);

INSERT INTO CUSTOMER VALUES('SANJAY', 31, 'M', 249);
INSERT INTO CUSTOMER VALUES('NIKHIL', 36, 'M', 250);
INSERT INTO CUSTOMER VALUES('NITIN', 72, 'F', 251);
INSERT INTO CUSTOMER VALUES('RAHUL', 64, 'F', 252);
INSERT INTO CUSTOMER VALUES('BHARGAV', 64, 'M', 253);

INSERT INTO CUSTOMER VALUES('UTKARSH', 38, 'M', 254);
INSERT INTO CUSTOMER VALUES('ACHINTYA', 22, 'M', 255);
INSERT INTO CUSTOMER VALUES('RUBEN', 32, 'F', 256);
INSERT INTO CUSTOMER VALUES('MEHUL', 38, 'F', 257);
INSERT INTO CUSTOMER VALUES('SKANDA', 65, 'M', 258);

INSERT INTO CUSTOMER VALUES('POORNIMA', 26, 'M', 259);
INSERT INTO CUSTOMER VALUES('AKHIL', 17, 'M', 260);
INSERT INTO CUSTOMER VALUES('JAY', 5, 'F', 261);
INSERT INTO CUSTOMER VALUES('ABHISHEK', 31, 'F', 262);
INSERT INTO CUSTOMER VALUES('PAMMI', 45, 'M', 263);

INSERT INTO CUSTOMER VALUES('PAVAN', 23, 'M', 264);
INSERT INTO CUSTOMER VALUES('YAZZ', 28, 'M', 265);
INSERT INTO CUSTOMER VALUES('APRAMEYA', 42, 'F', 266);
INSERT INTO CUSTOMER VALUES('SARTHAK', 36, 'F', 267);
INSERT INTO CUSTOMER VALUES('KRITHIKA', 41, 'M', 268);

INSERT INTO CUSTOMER VALUES('NEHA', 31, 'M', 269);
INSERT INTO CUSTOMER VALUES('AISHWARYA', 24, 'M', 270);
INSERT INTO CUSTOMER VALUES('AKSHAY', 22, 'F', 271);
INSERT INTO CUSTOMER VALUES('TARUN', 34, 'F', 272);
INSERT INTO CUSTOMER VALUES('JOHN', 11, 'M', 273);

INSERT INTO CUSTOMER VALUES('PATRICK', 41, 'M', 274);
INSERT INTO CUSTOMER VALUES('RAKHI', 20, 'M', 275);
INSERT INTO CUSTOMER VALUES('AJAY', 31, 'F', 276);
INSERT INTO CUSTOMER VALUES('BHANUPRAKASH', 14, 'F', 277);
INSERT INTO CUSTOMER VALUES('CATHERENE', 34, 'M', 278);

INSERT INTO CUSTOMER VALUES('MERCER', 71, 'M', 279);
INSERT INTO CUSTOMER VALUES('PRAKASH', 25, 'M', 280);
INSERT INTO CUSTOMER VALUES('PRASHANT', 22, 'F', 281);
INSERT INTO CUSTOMER VALUES('VARAD', 4, 'F', 282);
INSERT INTO CUSTOMER VALUES('ANANTH', 36, 'M', 283);

INSERT INTO CUSTOMER VALUES('PARV', 29, 'M', 284);
INSERT INTO CUSTOMER VALUES('DJ SNAKE', 24, 'M', 285);
INSERT INTO CUSTOMER VALUES('RAGHU', 22, 'F', 286);
INSERT INTO CUSTOMER VALUES('RAM', 43, 'F', 287);
INSERT INTO CUSTOMER VALUES('DEEPA', 18, 'M', 288);

INSERT INTO CUSTOMER VALUES('RAJEEV', 31, 'M', 289);
INSERT INTO CUSTOMER VALUES('RAMESH', 48, 'M', 290);
INSERT INTO CUSTOMER VALUES('SRIKANTH', 41, 'F', 291);
INSERT INTO CUSTOMER VALUES('LAVANYA', 39, 'F', 292);
INSERT INTO CUSTOMER VALUES('DEEPIKA', 28, 'M', 293);

INSERT INTO CUSTOMER VALUES('PADUKONE', 23, 'M', 294);
INSERT INTO CUSTOMER VALUES('ALIA', 27, 'M', 295);
INSERT INTO CUSTOMER VALUES('ARJUN', 12, 'F', 296);
INSERT INTO CUSTOMER VALUES('VARUN', 74, 'F', 297);
INSERT INTO CUSTOMER VALUES('NAVNEET', 29, 'M', 298);

INSERT INTO CUSTOMER VALUES('CHIRAG', 11, 'M', 299);
INSERT INTO CUSTOMER VALUES('CHETHAN', 30, 'M', 300);
INSERT INTO CUSTOMER VALUES('SIA', 44, 'F', 301);
INSERT INTO CUSTOMER VALUES('SAI', 15, 'F', 302);
INSERT INTO CUSTOMER VALUES('THANUSHA', 19, 'M', 303);

INSERT INTO EMPLOYEE VALUES(478,'CAPTAIN', 3210000, 'PAPPSAVITA RAMSON');
INSERT INTO EMPLOYEE VALUES(222,'FIRST OFFICER', 1234560, 'KALYANI DAYAL');
INSERT INTO EMPLOYEE VALUES(045, 'SECOND OFFICER', 1310050, 'URMI AHUJA');
INSERT INTO EMPLOYEE VALUES(890,'CAPTAIN', 2317600, 'SRIYA KHANNA');
INSERT INTO EMPLOYEE VALUES(211, 'FIRST OFFICER', 1510000, 'NAMITA MALL');
INSERT INTO EMPLOYEE VALUES(321,'FIRST OFFICER', 1140000, 'KOMAL OAK');
INSERT INTO EMPLOYEE VALUES(234,'CABIN CREW', 212000, 'PADAMA SAGAR');
INSERT INTO EMPLOYEE VALUES(025,'SECOND OFFICER', 912000, 'HIMESH SEM');
INSERT INTO EMPLOYEE VALUES(365, 'CAPTAIN', 3310600, 'GEETANJALI MISTRY');
INSERT INTO EMPLOYEE VALUES(456,'CABIN CREW', 121000, 'ELIAS BEHARRY');
INSERT INTO EMPLOYEE VALUES(519,'FIRST OFFICER', 105000, 'RAHIM KHAN');
INSERT INTO EMPLOYEE VALUES(504,'CABIN CREW', 212000, 'HIMESH');
INSERT INTO EMPLOYEE VALUES(871,'CABIN CREW', 312000, 'AKHILA MEHRA');
INSERT INTO EMPLOYEE VALUES(390,'PURSER', 90000, 'NANDINI MATHEW');
INSERT INTO EMPLOYEE VALUES(285,'PURSER', 121000, 'RATAN BISWAS');
INSERT INTO EMPLOYEE VALUES(147,'PURSER', 110000, 'NISHITA SESHADRI');
INSERT INTO EMPLOYEE VALUES(741,'SECOND OFFICER', 1212000, 'HEER KURUVILLA');
INSERT INTO EMPLOYEE VALUES(901,'CAPTAIN', 4122600, 'KUNTI BALAKRISHNAN');
INSERT INTO EMPLOYEE VALUES(216,'CABIN CREW', 90000, 'RITIKA DIXIT');
INSERT INTO EMPLOYEE VALUES(954,'FLIGHT MEDIC', 121000, 'KAILASH PAI');
INSERT INTO EMPLOYEE VALUES(355, 'PURSER', 110000, 'ASLAM SARRAF');
INSERT INTO EMPLOYEE VALUES(116,'CABIN CREW', 212000, 'RAKHI RAJAN');
INSERT INTO EMPLOYEE VALUES(008,'FIRST OFFICER', 1189000, 'ANSHULA SINGHAL');
INSERT INTO EMPLOYEE VALUES(856,'CABIN CREW', 90000, 'AISHA LACHMAN');
INSERT INTO EMPLOYEE VALUES(350,'FLIGHT MEDIC', 121000, 'URMI BUCH');
INSERT INTO EMPLOYEE VALUES(405, 'PURSER', 110000, 'ARJUN BARAD');
INSERT INTO EMPLOYEE VALUES(740,'CAPTAIN', 4619600, 'RIDDHI PANDIT');
INSERT INTO EMPLOYEE VALUES(960,'CABIN CREW', 312000, 'BINITA BUMB');
INSERT INTO EMPLOYEE VALUES(870, 'FIRST OFFICER', 1534500, 'GIAAN NARASIMHAN');
INSERT INTO EMPLOYEE VALUES(695, 'GROUND CREW', 243680, 'TRISHANA USMAN');
INSERT INTO EMPLOYEE VALUES(666,'FLIGHT MEDIC', 110000, 'SUMIT SAWHNEY');
INSERT INTO EMPLOYEE VALUES(420, 'GROUND CREW', 214484, 'SHASHANK GOLE');
INSERT INTO EMPLOYEE VALUES(999, 'GROUND CREW', 153400, 'NILIMA GROVER');
INSERT INTO EMPLOYEE VALUES(872, 'CABIN CREW', 90000, 'MUKTI TARA');
INSERT INTO EMPLOYEE VALUES(146, 'FIRST OFFICER', 1321000, 'ADITI MUNSHI');
INSERT INTO EMPLOYEE VALUES(401,'FLIGHT MEDIC', 110000, 'YOGESH MAHAL');
INSERT INTO EMPLOYEE VALUES(202, 'PURSER', 212000, 'ARVIND SOOD');
INSERT INTO EMPLOYEE VALUES(144,'SECOND OFFICER', 1226000, 'AABHA HORA');
INSERT INTO EMPLOYEE VALUES(030, 'GROUND CREW', 190000, 'PRASOON GABA');
INSERT INTO EMPLOYEE VALUES(303, 'FLIGHT MEDIC', 121000, 'SAPNA BHALLA');
INSERT INTO EMPLOYEE VALUES(980, 'SECOND OFFICER', 1110000, 'BROCK GADE');
INSERT INTO EMPLOYEE VALUES(215, 'CAPTAIN', 2270780, 'JOBIN GOEL');
INSERT INTO EMPLOYEE VALUES(362,'FIRST OFFICER', 1242000, 'MUKUL BHATTACHARYYA');
INSERT INTO EMPLOYEE VALUES(559, 'CABIN CREW', 90000, 'NUPUR VENKATARAMAN');
INSERT INTO EMPLOYEE VALUES(338, 'CABIN CREW', 121000, 'NIKITA SAXENA');
INSERT INTO EMPLOYEE VALUES(739,'GROUND CREW', 560320, 'RADHESHYAM THOMAS');
INSERT INTO EMPLOYEE VALUES(242,'GROUND CREW', 342800, 'SUKRITI KUMER');
INSERT INTO EMPLOYEE VALUES(315,'GROUND CREW', 122996, 'MAHMOOD ANAND');
INSERT INTO EMPLOYEE VALUES(893, 'CABIN CREW', 90000, 'DRISHTI SWAMY');
INSERT INTO EMPLOYEE VALUES(698, 'SECOND OFFICER', 981000, 'ARUN KURUVILLA');
INSERT INTO EMPLOYEE VALUES(696,'CABIN CREW', 110000, 'KRISHNA DUTT');
INSERT INTO EMPLOYEE VALUES(423, 'SECOND OFFICER', 892001, 'GOWRI KABRA');
INSERT INTO EMPLOYEE VALUES(939,'CABIN CREW', 312000, 'HEMA KADE');
INSERT INTO EMPLOYEE VALUES(812,'CAPTAIN', 4455600, 'MOHANLAL BEDI');
INSERT INTO EMPLOYEE VALUES(136, 'FIRST OFFICER', 921000, 'LAKSHMI SHA');
INSERT INTO EMPLOYEE VALUES(451,'CABIN CREW', 110000, 'AARUSHI PERSAUD');
INSERT INTO EMPLOYEE VALUES(262, 'GROUND CREW', 245090, 'NANCY KALLA');
INSERT INTO EMPLOYEE VALUES(174,'FIRST OFFICER', 986500, 'RADHESHYAM SHARAF');
INSERT INTO EMPLOYEE VALUES(080, 'CABIN CREW', 90000, 'ABDUL RAJA');
INSERT INTO EMPLOYEE VALUES(300, 'CABIN CREW', 121000, 'QADIM SAMA');
INSERT INTO EMPLOYEE VALUES(967, 'SECOND OFFICER', 855000, 'ANJANA SHANKAR');
INSERT INTO EMPLOYEE VALUES(255,'CAPTAIN', 3632602, 'NALINI SULE');
INSERT INTO EMPLOYEE VALUES(332,'GROUND CREW', 312000, 'HANUMAN KASHYAP');
INSERT INTO EMPLOYEE VALUES(159,'CABIN CREW', 90000, 'AZHAR MANGAT');
INSERT INTO EMPLOYEE VALUES(638,'GROUND CREW', 121440, 'PRESHITA GOLLA');
INSERT INTO EMPLOYEE VALUES(730,'FIRST OFFICER', 913050, 'DIYA MAHARAJ');
INSERT INTO EMPLOYEE VALUES(292, 'CAPTAIN', 410500, 'INDRANI DUA');
INSERT INTO EMPLOYEE VALUES(375, 'CABIN CREW', 312000, 'YADU KALLA');
INSERT INTO EMPLOYEE VALUES(843, 'SECOND OFFICER', 1390000, 'BALDEV SANGHA');
INSERT INTO EMPLOYEE VALUES(334, 'CAPTAIN', 121000, 'HIMANI PATLA');

INSERT INTO AIRPORT VALUES
    ('﻿Toronto','YYZ'),
    ('Algiers','ALG'),
    ('Ouagadougou','OUA'),
    ('Accra','ACC'),
    ('Abuja','ABV'),
    ('Uyo','QUO'),
    ('Kano','KAN'),
    ('Lagos','LOS'),
    ('Niamey','NIM'),
    ('Tunis','TUN'),
    ('Brussels','BRU'),
    ('Brussels','CRL'),
    ('Li√É¬®ge','LGG'),
    ('Berlin','SXF'),
    ('Dresden','DRS'),
    ('Frankfurt am Main','FRA'),
    ('M√É¬ºnster','FMO'),
    ('Hamburg','HAM'),
    ('Cologne','CGN'),
    ('D√É¬ºsseldorf','DUS'),
    ('Munich','MUC'),
    ('Nuremberg','NUE'),
    ('Leipzig','LEJ'),
    ('Stuttgart','STR'),
    ('Berlin','TXL'),
    ('Hannover','HAJ'),
    ('Bremen','BRE'),
    ('Dortmund','DTM'),
    ('Baden-Baden','FKB'),
    ('Tallinn','TLL'),
    ('dubai','LHG'),
    ('Helsinki','HEL'),
    ('Belfast','BFS'),
    ('Belfast','BHD'),
    ('Birmingham','BHX'),
    ('Manchester','MAN'),
    ('Doncaster','DSA'),
    ('Cardiff','CWL'),
    ('Bristol','BRS'),
    ('Liverpool','LPL'),
    ('London','LTN'),
    ('Bournemouth','BOH'),
    ('Southampton','SOU'),
    ('London','LGW'),
    ('London','LHR'),
    ('Leeds','LBA'),
    ('Newcastle','NCL'),
    ('Nottingham','EMA'),
    ('Aberdeen','ABZ'),
    ('Glasgow','GLA'),
    ('Edinburgh','EDI'),
    ('Norwich','NWI'),
    ('London','STN'),
    ('Exeter','EXT'),
    ('Lakenheath','LKZ'),
    ('Mildenhall','MHZ'),
    ('Fairford','FFD'),
    ('Brize Norton','BZZ'),
    ('Amsterdam','AMS'),
    ('Eindhoven','EIN'),
    ('Cork','ORK'),
    ('Dublin','DUB'),
    ('Shannon','SNN'),
    ('Billund','BLL'),
    ('Copenhagen','CPH'),
    ('Aalborg','AAL'),
    ('Luxembourg','LUX'),
    ('Bod√É¬∏','BOO'),
    ('Bergen','BGO'),
    ('Oslo','OSL'),
    ('Troms√É¬∏','TOS'),
    ('Trondheim','TRD'),
    ('Stavanger','SVG'),
    ('Gda√Ö¬Ñsk','GDN'),
    ('Krak√É¬≥w','KRK'),
    ('Katowice','KTW'),
    ('Warsaw','WMI'),
    ('Pozna√Ö¬Ñ','POZ'),
    ('Warsaw','WAW'),
    ('Wroc√Ö¬Çaw','WRO'),
    ('Gothenburg','GOT'),
    ('Malm√É¬∂','MMX'),
    ('Lule√É¬•','LLA'),
    ('Stockholm','ARN'),
    ('Ramstein','RMS'),
    ('Riga','RIX'),
    ('Vilnius','VNO'),
    ('Cape Town','CPT'),
    ('George','GRJ'),
    ('Johannesburg','JNB'),
    ('Durban','DUR'),
    ('Gaborone','GBE'),
    ('Port Louis','MRU'),
    ('Lusaka','LUN'),
    ('Antananarivo','TNR'),
    ('Luanda','LAD'),
    ('Maputo','MPM'),
    ('Mahe Island','SEZ'),
    ('NDjamena','NDJ'),
    ('Harare','HRE'),
    ('Windhoek','WDH'),
    ('Kinshasa','FIH'),
    ('Bamako','BKO'),
    ('Sta Cruz de la Palma, La Palma Island','SPC'),
    ('Gran Canaria Island','LPA'),
    ('Tenerife Island','TFS'),
    ('Tenerife Island','TFN'),
    ('Freetown','FNA'),
    ('Cedar Rapids','CID'),
    ('Cleveland','CLE'),
    ('Charlotte','CLT'),
    ('Columbus','CMH'),
    ('Corpus Christi','CRP'),
    ('Charleston','CRW'),
    ('Cincinnati','CVG'),
    ('Clovis','CVS'),
    ('Daytona Beach','DAB'),
    ('Dallas','DAL'),
    ('Dayton','DAY'),
    ('Dubuque','DBQ'),
    ('Washington','DCA'),
    ('Denver','DEN'),
    ('Dallas-Fort Worth','DFW'),
    ('Del Rio','DLF'),
    ('Duluth','DLH'),
    ('Dover','DOV'),
    ('Des Moines','DSM'),
    ('Detroit','DTW'),
    ('Abilene','DYS'),
    ('Edwards','EDW'),
    ('Enid','END'),
    ('Erie','ERI'),
    ('Newark','EWR'),
    ('Dayton','FFO'),
    ('Fort Lauderdale','FLL'),
    ('Fort Smith','FSM'),
    ('Fort Worth','FTW'),
    ('Fort Wayne','FWA'),
    ('Spokane','GEG'),
    ('Gulfport','GPT'),
    ('Green Bay','GRB'),
    ('Goldsboro','GSB'),
    ('Greensboro','GSO'),
    ('Greenville','GSP'),
    ('Peru','GUS'),
    ('Hibbing','HIB'),
    ('Alamogordo','HMN'),
    ('Houston','HOU'),
    ('Huntsville','HSV'),
    ('Huntington','HTS'),
    ('Washington','IAD'),
    ('Houston','IAH'),
    ('Wichita','ICT'),
    ('Indianapolis','IND'),
    ('Jackson','JAN'),
    ('Jacksonville','JAX'),
    ('New York','JFK'),
    ('Joplin','JLN'),
    ('Las Vegas','LAS'),
    ('Los Angeles','LAX'),
    ('Lubbock','LBB'),
    ('Columbus','LCK'),
    ('Lexington','LEX'),
    ('Hampton','LFI'),
    ('Lafayette','LFT'),
    ('New York','LGA'),
    ('Little Rock','LIT'),
    ('Altus','LTS'),
    ('Glendale','LUF'),
    ('Saginaw','MBS'),
    ('Tampa','MCF'),
    ('Kansas City','MCI'),
    ('Orlando','MCO'),
    ('Chicago','MDW'),
    ('Memphis','MEM'),
    ('Marietta','MGE'),
    ('Montgomery','MGM'),
    ('Miami','MIA'),
    ('Milwaukee','MKE'),
    ('Moline','MLI'),
    ('Monroe','MLU'),
    ('Mobile','MOB'),
    ('Madison','MSN'),
    ('Minneapolis','MSP'),
    ('New Orleans','MSY'),
    ('Mountain Home','MUO'),
    ('Oakland','OAK'),
    ('Oklahoma City','OKC'),
    ('Omaha','OMA'),
    ('Ontario','ONT'),
    ('Chicago','ORD'),
    ('Norfolk','ORF'),
    ('Panama City','PAM'),
    ('West Palm Beach','PBI'),
    ('Portland','PDX'),
    ('Bengaluru','BLR'),
    ('Kolkata','CCU'),
    ('Panama City','PAK'),
    ('Mumbai','BOM');

INSERT INTO FOOD VALUES(1234,'BURGER',198,100);
INSERT INTO FOOD VALUES(1334,'HAMBURGER',230,100);
INSERT INTO FOOD VALUES(1544,'CHICKEN BURGER',185,120);
INSERT INTO FOOD VALUES(1354,'VEGAN BURGER',99,130);
INSERT INTO FOOD VALUES(1654,'HOT DOG',120,80);
INSERT INTO FOOD VALUES(1235,'NUTS',69,200);
INSERT INTO FOOD VALUES(1335,'PRETZELS',80,75);
INSERT INTO FOOD VALUES(1545,'POPCORN',85,45);
INSERT INTO FOOD VALUES(1355,'RICE CAKES',99,40);
INSERT INTO FOOD VALUES(1655,'VEG ROLL',119,120);
INSERT INTO FOOD VALUES(1236,'SHAWARMA',129,95);
INSERT INTO FOOD VALUES(1336,'PULAO',86,30);
INSERT INTO FOOD VALUES(1546,'CHEESE SANDWICH',137,130);
INSERT INTO FOOD VALUES(1356,'CLUB SANDWICH',140,140);
INSERT INTO FOOD VALUES(1657,'NOODLES',130,65);
INSERT INTO FOOD VALUES(1237,'COOKIES',59,145);
INSERT INTO FOOD VALUES(1337,'CREAM BUSCUIT',129,100);
INSERT INTO FOOD VALUES(1547,'OREO',215,100);
INSERT INTO FOOD VALUES(1358,'COFEE',99,100);
INSERT INTO FOOD VALUES(1658,'KIT KAT',55,140);
INSERT INTO FOOD VALUES(1238,'CHICKEN ROLL',199,100);
INSERT INTO FOOD VALUES(1338,'CHICKEN BIRYANI',229,130);
INSERT INTO FOOD VALUES(1548,'SALAD',150,40);
INSERT INTO FOOD VALUES(1359,'VEG MEAL',399,200);
INSERT INTO FOOD VALUES(1659,'NON VEG MEAL',449,145);

INSERT INTO FLIES VALUES('PSY 808',814);
INSERT INTO FLIES VALUES('PSY 499',575);
INSERT INTO FLIES VALUES('PSY 556',859);
INSERT INTO FLIES VALUES('PSY 618',814);
INSERT INTO FLIES VALUES('PSY 666',344);
INSERT INTO FLIES VALUES('PSY 785',859);
INSERT INTO FLIES VALUES('PSY 786',818);
INSERT INTO FLIES VALUES('PSY 732',859);
INSERT INTO FLIES VALUES('PSY 854',348);
INSERT INTO FLIES VALUES('PSY 701',233);
INSERT INTO FLIES VALUES('PSY 983',346);
INSERT INTO FLIES VALUES('PSY 943',569);
INSERT INTO FLIES VALUES('PSY 752',814);
INSERT INTO FLIES VALUES('PSY 139',234);

INSERT INTO BOOKED_BY VALUES('﻿PQ764L',234);
INSERT INTO BOOKED_BY VALUES('XM64L',235);
INSERT INTO BOOKED_BY VALUES('AM65L',236);
INSERT INTO BOOKED_BY VALUES('BN92D',237);
INSERT INTO BOOKED_BY VALUES('NC3YIU',238);
INSERT INTO BOOKED_BY VALUES('QJRHC',239);
INSERT INTO BOOKED_BY VALUES('2HH326',240);
INSERT INTO BOOKED_BY VALUES('D2JDIU2',241);
INSERT INTO BOOKED_BY VALUES('2HDI22E',242);
INSERT INTO BOOKED_BY VALUES('2JIE2DIO',243);
INSERT INTO BOOKED_BY VALUES('HD2UHD',244);
INSERT INTO BOOKED_BY VALUES('JEH9DE',245);
INSERT INTO BOOKED_BY VALUES('DIOE2J',246);
INSERT INTO BOOKED_BY VALUES('CWIOJO',247);
INSERT INTO BOOKED_BY VALUES('IUEWHC',248);

INSERT INTO INCLUDES VALUES(1234,'﻿PQ764L');
INSERT INTO INCLUDES VALUES(1334,'XM64L');
INSERT INTO INCLUDES VALUES(1544,'AM65L');
INSERT INTO INCLUDES VALUES(1354,'BN92D');
INSERT INTO INCLUDES VALUES(1654,'NC3YIU');
INSERT INTO INCLUDES VALUES(1235,'QJRHC');
INSERT INTO INCLUDES VALUES(1335,'2HH326');
INSERT INTO INCLUDES VALUES(1545,'D2JDIU2');
INSERT INTO INCLUDES VALUES(1355,'2HDI22E');
INSERT INTO INCLUDES VALUES(1655,'2JIE2DIO');
INSERT INTO INCLUDES VALUES(1236,'HD2UHD');
INSERT INTO INCLUDES VALUES(1336,'JEH9DE');
INSERT INTO INCLUDES VALUES(1546,'DIOE2J');
INSERT INTO INCLUDES VALUES(1356,'2HH326');
INSERT INTO INCLUDES VALUES(1657,'IUEWHC');

INSERT INTO WORKS_AT VALUES('YYZ',478);
INSERT INTO WORKS_AT VALUES('ALG',222);
INSERT INTO WORKS_AT VALUES('OUA',045);
INSERT INTO WORKS_AT VALUES('BLR',890);
INSERT INTO WORKS_AT VALUES('ABV',211);
INSERT INTO WORKS_AT VALUES('QUO',321);
INSERT INTO WORKS_AT VALUES('BLR',234);
INSERT INTO WORKS_AT VALUES('LOS',025);
INSERT INTO WORKS_AT VALUES('NIM',365);
INSERT INTO WORKS_AT VALUES('BLR',456);
INSERT INTO WORKS_AT VALUES('BLR',519);
INSERT INTO WORKS_AT VALUES('CRL',504);
INSERT INTO WORKS_AT VALUES('LGG',871);
INSERT INTO WORKS_AT VALUES('SXF',390);
INSERT INTO WORKS_AT VALUES('DRS',285);

INSERT INTO CREW VALUES('PSY 101',478);
INSERT INTO CREW VALUES('PSY 145',222);
INSERT INTO CREW VALUES('PSY 139',045);
INSERT INTO CREW VALUES('PSY 156',890);
INSERT INTO CREW VALUES('PSY 172',211);
INSERT INTO CREW VALUES('PSY 181',321);
INSERT INTO CREW VALUES('PSY 197',234);
INSERT INTO CREW VALUES('PSY 201',025);
INSERT INTO CREW VALUES('PSY 293',365);
INSERT INTO CREW VALUES('PSY 293',456);
INSERT INTO CREW VALUES('PSY 279',519);
INSERT INTO CREW VALUES('PSY 293',504);
INSERT INTO CREW VALUES('PSY 293',871);
INSERT INTO CREW VALUES('PSY 301',390);
INSERT INTO CREW VALUES('PSY 302',285);